{"is_source_file": false, "format": "", "description": "", "external_files": [], "external_methods": [], "published": [], "classes": [], "methods": [], "calls": [], "search-terms": [], "state": 2, "file_id": 12, "knowledge_revision": 20, "git_revision": "37d417857c192995fee582b5b40c49f7e6631099", "hash": "306ed87a70313eec8a0ecac69acf2986", "format-version": 4, "code-base-name": "tic_tac_toe_frontend", "filename": "README.md", "revision_history": [{"20": "37d417857c192995fee582b5b40c49f7e6631099"}]}