{"is_source_file": true, "format": "JavaScript (React JSX)", "description": "This file is the entry point for a React-based frontend application. It imports core React libraries, styles, and the main App component, then renders the App component into the DOM element with id 'root'.", "external_files": ["react", "react-dom/client", "./index.css", "./App"], "external_methods": ["ReactDOM.createRoot", "root.render"], "published": [], "classes": [], "methods": [{"name": "ReactDOM.createRoot", "description": "Creates a React root for rendering the React component tree."}, {"name": "root.render", "description": "Renders the React component tree into the DOM."}], "calls": ["ReactDOM.createRoot", "root.render"], "search-terms": ["React", "ReactDOM", "index.js", "rendering", "entry point", "frontend"], "state": 2, "file_id": 3, "knowledge_revision": 24, "git_revision": "a7fbffe53986fa358a1742f682c12c2fcf7877d5", "ctags": [{"_type": "tag", "name": "root", "path": "/home/kavia/workspace/code-generation/web-tic-tac-toe-311937-311951/tic_tac_toe_frontend/src/index.js", "pattern": "/^const root = ReactDOM.createRoot(document.getElementById('root'));$/", "language": "JavaScript", "kind": "constant"}], "hash": "9fc5841375336fc175b49f8767a11383", "format-version": 4, "code-base-name": "tic_tac_toe_frontend", "filename": "tic_tac_toe_frontend/src/index.js", "revision_history": [{"24": "a7fbffe53986fa358a1742f682c12c2fcf7877d5"}]}