{"is_source_file": true, "format": "JavaScript (React JSX)", "description": "Source code for a React-based Tic Tac Toe game, including components for the game board, individual squares, and game logic handling winner calculation, game state management, and UI rendering.", "external_files": ["./App.css"], "external_methods": ["useMemo", "useState"], "published": ["Square", "Board", "App"], "classes": [], "methods": [{"name": "calculateWinner(squares)", "description": "Calculates if there's a winner in the current Tic Tac Toe board state.", "scope": "", "scopeKind": ""}, {"name": "Square({ value, onClick, isWinningSquare, disabled })", "description": "React functional component representing a single square on the game board.", "scope": "", "scopeKind": ""}, {"name": "Board({ squares, onPlay, winningLine, disabled })", "description": "React component representing the 3x3 game board with clickable squares.", "scope": "", "scopeKind": ""}, {"name": "App()", "description": "Main React component managing game state and rendering the entire Tic Tac Toe application.", "scope": "", "scopeKind": ""}, {"name": "handlePlay", "description": "Handles a player's move by updating the board state."}, {"name": "resetGame", "description": "Resets the game to its initial state."}], "calls": ["calculateWinner", "useMemo", "useState", "setSquares", "setXIsNext", "lines.find"], "search-terms": ["React Tic Tac Toe", "calculateWinner", "Board component", "Square component", "game state management", "winner calculation", "React hooks", "Functional components"], "state": 2, "file_id": 2, "knowledge_revision": 26, "git_revision": "a7fbffe53986fa358a1742f682c12c2fcf7877d5", "revision_history": [{"25": "a7fbffe53986fa358a1742f682c12c2fcf7877d5"}, {"26": "a7fbffe53986fa358a1742f682c12c2fcf7877d5"}], "ctags": [{"_type": "tag", "name": "App", "path": "/home/kavia/workspace/code-generation/web-tic-tac-toe-311937-311951/tic_tac_toe_frontend/src/App.js", "pattern": "/^function App() {$/", "language": "JavaScript", "kind": "function", "signature": "()"}, {"_type": "tag", "name": "Board", "path": "/home/kavia/workspace/code-generation/web-tic-tac-toe-311937-311951/tic_tac_toe_frontend/src/App.js", "pattern": "/^function Board({ squares, onPlay, winningLine, disabled }) {$/", "language": "JavaScript", "kind": "function", "signature": "({ squares, onPlay, winningLine, disabled })"}, {"_type": "tag", "name": "Square", "path": "/home/kavia/workspace/code-generation/web-tic-tac-toe-311937-311951/tic_tac_toe_frontend/src/App.js", "pattern": "/^function Square({ value, onClick, isWinningSquare, disabled }) {$/", "language": "JavaScript", "kind": "function", "signature": "({ value, onClick, isWinningSquare, disabled })"}, {"_type": "tag", "name": "ariaLabel", "path": "/home/kavia/workspace/code-generation/web-tic-tac-toe-311937-311951/tic_tac_toe_frontend/src/App.js", "pattern": "/^      aria-label={ariaLabel}$/", "language": "JavaScript", "kind": "field", "scope": "Square.aria", "scopeKind": "class"}, {"_type": "tag", "name": "calculateWinner", "path": "/home/kavia/workspace/code-generation/web-tic-tac-toe-311937-311951/tic_tac_toe_frontend/src/App.js", "pattern": "/^function calculateWinner(squares) {$/", "language": "JavaScript", "kind": "function", "signature": "(squares)"}, {"_type": "tag", "name": "disabled", "path": "/home/kavia/workspace/code-generation/web-tic-tac-toe-311937-311951/tic_tac_toe_frontend/src/App.js", "pattern": "/^      disabled={disabled}$/", "language": "JavaScript", "kind": "field", "scope": "Square.disabled", "scopeKind": "class"}, {"_type": "tag", "name": "handlePlay", "path": "/home/kavia/workspace/code-generation/web-tic-tac-toe-311937-311951/tic_tac_toe_frontend/src/App.js", "pattern": "/^            onPlay={handlePlay}$/", "language": "JavaScript", "kind": "field", "scope": "App.onPlay", "scopeKind": "class"}, {"_type": "tag", "name": "onClick", "path": "/home/kavia/workspace/code-generation/web-tic-tac-toe-311937-311951/tic_tac_toe_frontend/src/App.js", "pattern": "/^      onClick={onClick}$/", "language": "JavaScript", "kind": "field", "scope": "Square.onClick", "scopeKind": "class"}, {"_type": "tag", "name": "squares", "path": "/home/kavia/workspace/code-generation/web-tic-tac-toe-311937-311951/tic_tac_toe_frontend/src/App.js", "pattern": "/^            squares={squares}$/", "language": "JavaScript", "kind": "field", "scope": "App.squares", "scopeKind": "class"}, {"_type": "tag", "name": "ttt-square ${isWinningSquare ? \"ttt-square--win\" : \"\"}", "path": "/home/kavia/workspace/code-generation/web-tic-tac-toe-311937-311951/tic_tac_toe_frontend/src/App.js", "pattern": "/^      className={`ttt-square ${isWinningSquare ? \"ttt-square--win\" : \"\"}`}$/", "language": "JavaScript", "kind": "field", "scope": "Square.className", "scopeKind": "class"}, {"_type": "tag", "name": "winningLine", "path": "/home/kavia/workspace/code-generation/web-tic-tac-toe-311937-311951/tic_tac_toe_frontend/src/App.js", "pattern": "/^            winningLine={winningLine}$/", "language": "JavaScript", "kind": "field", "scope": "App.winningLine", "scopeKind": "class"}], "hash": "8f82ed7ffbfa74fa1c8bcd69e687771f", "format-version": 4, "code-base-name": "tic_tac_toe_frontend", "filename": "tic_tac_toe_frontend/src/App.js", "fields": [{"name": "aria-label={ariaLabel}", "scope": "Square.aria", "scopeKind": "class", "description": "unavailable"}, {"name": "disabled={disabled}", "scope": "Square.disabled", "scopeKind": "class", "description": "unavailable"}, {"name": "onPlay={handlePlay}", "scope": "App.onPlay", "scopeKind": "class", "description": "unavailable"}, {"name": "onClick={onClick}", "scope": "Square.onClick", "scopeKind": "class", "description": "unavailable"}, {"name": "squares={squares}", "scope": "App.squares", "scopeKind": "class", "description": "unavailable"}, {"name": "className={`ttt-square ${isWinningSquare ? \"ttt-square--win\" : \"\"}`}", "scope": "Square.className", "scopeKind": "class", "description": "unavailable"}, {"name": "winningLine={winningLine}", "scope": "App.winningLine", "scopeKind": "class", "description": "unavailable"}]}