{"is_source_file": false, "format": "", "description": "", "external_files": [], "external_methods": [], "published": [], "classes": [], "methods": [], "calls": [], "search-terms": [], "state": 2, "file_id": 5, "knowledge_revision": 27, "git_revision": "a7fbffe53986fa358a1742f682c12c2fcf7877d5", "hash": "3b90c544a6da5ad3cde324a5bf56cc84", "format-version": 4, "code-base-name": "tic_tac_toe_frontend", "filename": "tic_tac_toe_frontend/src/App.css", "revision_history": [{"27": "a7fbffe53986fa358a1742f682c12c2fcf7877d5"}]}