{"is_source_file": false, "format": "", "description": "", "external_files": [], "external_methods": [], "published": [], "classes": [], "methods": [], "calls": [], "search-terms": [], "state": 2, "file_id": 6, "knowledge_revision": 28, "git_revision": "95071fe02c6f6ec7e2074e97abb34e579019e05e", "revision_history": [{"19": "a7fbffe53986fa358a1742f682c12c2fcf7877d5"}, {"28": "95071fe02c6f6ec7e2074e97abb34e579019e05e"}], "hash": "071c61af6f035939ace3f0ba546d7377", "format-version": 4, "code-base-name": "tic_tac_toe_frontend", "filename": "tic_tac_toe_frontend/src/index.css"}