{"is_source_file": true, "format": "JavaScript (ESM modules)", "description": "Configuration file for ESLint, specifying linting rules, parser options, and plugin integrations for a JavaScript project.", "external_files": ["@eslint/js", "eslint-plugin-react"], "external_methods": ["pluginJs", "pluginReact"], "published": [], "classes": [], "methods": [], "calls": ["pluginJs", "pluginReact"], "search-terms": ["eslint configuration", "pluginJs", "pluginReact", "rules", "parserOptions", "globals", "react plugin", "eslint.config"], "state": 2, "file_id": 8, "knowledge_revision": 23, "git_revision": "a7fbffe53986fa358a1742f682c12c2fcf7877d5", "hash": "be6538e7523bc2e9da0743133d784136", "format-version": 4, "code-base-name": "tic_tac_toe_frontend", "filename": "tic_tac_toe_frontend/eslint.config.mjs", "revision_history": [{"23": "a7fbffe53986fa358a1742f682c12c2fcf7877d5"}]}